[
  
  {
    "model": "quizzes.Tag",
    "pk": "1",
    "fields": {
      "tag": "CIS 201"
    }
  },
  {
    "model": "quizzes.Tag",
    "pk": "2",
    "fields": {
      "tag": "CIS 203"
    }
  },
  {
    "model": "quizzes.Tag",
    "pk": "3",
    "fields": {
      "tag": "CIS 300"
    }
  },
  {
    "model": "quizzes.Tag",
    "pk": "3",
    "fields": {
      "tag": "CIS 405"
    }
  },
  {
    "model": "quizzes.Options",
    "pk": "1",
    "fields": {
      "content": "Multi line comment"
    }
  }
  ,
  {
    "model": "quizzes.Options",
    "pk": "2",
    "fields": {
      "content": "Single Line Comment"
    }
  }
  ,
  {
    "model": "quizzes.Options",
    "pk": "3",
    "fields": {
      "content": "not accessible by any other class"
    }
  }
  ,
  {
    "model": "quizzes.Options",
    "pk": "4",
    "fields": {
      "content": "accessible by any other class"
    }
  }
  ,
  {
    "model": "quizzes.Options",
    "pk": "5",
    "fields": {
      "content": "Central Processing Unit"
    }
  }
  ,
  {
    "model": "quizzes.Options",
    "pk": "6",
    "fields": {
      "content": "Field Programmable Gate Array"
    }
  }
  ,
  {
    "model": "quizzes.Options",
    "pk": "7",
    "fields": {
      "content": "Program Counter"
    }
  },
  {
    "model": "quizzes.Options",
    "pk": "8",
    "fields": {
      "content": "Data stores, processes, entities, relationships",
      "orderForPerm": "1"
    }
  },
  {
    "model": "quizzes.Options",
    "pk": "9",
    "fields": {
      "content": "Tables, column names and formats, datat sources, data importing procedures, drill-down procedures",
      "orderForPerm": "2"
    }
  },
  {
    "model": "quizzes.Options",
    "pk": "10",
    "fields": {
      "content": "Code look-up tables, foreign keys",
      "orderForPerm": "0"
    }
  },
  {
    "model": "quizzes.Options",
    "pk": "11",
    "fields": {
      "content": "Program and file names,access modes, security",
      "orderForPerm": "0"
    }
  },
  {
    "model": "quizzes.Options",
    "pk": "12",
    "fields": {
      "content": "Table names, column names and formats, indexes, views",
      "orderForPerm": "0"
    }
  },
  {
    "model": "quizzes.Options",
    "pk": "13",
    "fields": {
      "content": "Dimensional descriptions, aggregation rules, drill-down procedures",
      "orderForPerm": "0"
    }
  },
  {
    "model": "quizzes.Options",
    "pk": "14",
    "fields": {
      "content": "Tab",
      "orderForPerm": "4"
    }
  },
  {
    "model": "quizzes.Options",
    "pk": "15",
    "fields": {
      "content": "Newline",
      "orderForPerm": "3"
    }
  },
  {
    "model": "quizzes.Options",
    "pk": "16",
    "fields": {
      "content": "Double Quote",
      "orderForPerm": "2"
    }
  },
  {
    "model": "quizzes.Options",
    "pk": "17",
    "fields": {
      "content": "Backslash",
      "orderForPerm": "1"
    }
  },
  {
    "model": "quizzes.Options",
    "pk": "18",
    "fields": {
      "content": "Backspace",
      "orderForPerm": "0"
    }
  },
  {
    "model": "quizzes.Options",
    "pk": "19",
    "fields": {
      "content": "Return Carriage",
      "orderForPerm": "0"
    }
  },
  {
    "model": "quizzes.Options",
    "pk": "20",
    "fields": {
      "content": "Form Feed",
      "orderForPerm": "0"
    }
  },
  {
    "model": "quizzes.Options",
    "pk": "21",
    "fields": {
      "content": "Single Quote",
      "orderForPerm": "0"
    }
  },
  {
    "model": "quizzes.Question",
    "pk": "1",
    "fields": {
      "stem": "What does // mean?",
      "type": "0",
      "explain": "Type of Comment",
      "tag": "1",
      "options": ["1", "2"],
      "correctOption": "2"
    }
  },
  {
    "model": "quizzes.Question",
    "pk": "2",
    "fields": {
      "stem": "What does public mean",
      "type": "0",
      "explain": "Not private",
      "tag": ["1", "2"],
      "options": ["3", "4"],
      "correctOption": "4"
    }
  }
  ,
  {
    "model": "quizzes.Question",
    "pk": "3",
    "fields": {
      "stem": "What does a CPU stand for?",
      "type": "0",
      "explain": "Central ...",
      "tag": "3",
      "options": ["5", "6", "7"],
      "correctOption": "5"
    }
  }
  ,
  {
    "model": "quizzes.Question",
    "pk": "4",
    "fields": {
      "stem": "Which of these best describes the contents of a data dictionary of: 1. a CASE tool 2. a data warehouse",
      "type": "1",
      "explain": "No hint",
      "tag": "3",
      "options": ["8", "9", "10", "11", "12", "13"],
      "correctOption": ["8", "9"]
    }
  }
  ,
  {
    "model": "quizzes.Question",
    "pk": "5",
    "fields": {
      "stem": "Which of these options match the Escape Sequences: 1.\\\\ 2.\\\" 3.\\n 4.\\t",
      "type": "1",
      "explain": "No hint",
      "tag": "3",
      "options": ["14", "15", "16", "17", "18", "19", "20", "21"],
      "correctOption": ["14", "15", "16", "17"]
    }
  }
  ,
  {
    "model": "quizzes.DataModel",
    "pk": "1",
    "fields": {
      "student_id": "111111111111",
      "grade": "0",
      "attempts": "0"
    }
  },
  {
    "model": "quizzes.DataModel",
    "pk": "2",
    "fields": {
      "student_id": "111111111112",
      "grade": "0",
      "attempts": "0"
    }
  },
  {
    "model": "quizzes.DataModel",
    "pk": "3",
    "fields": {
      "student_id": "111111111111",
      "grade": "0",
      "attempts": "0"
    }
  },
  {
    "model": "quizzes.DataModel",
    "pk": "4",
    "fields": {
      "student_id": "111111111112",
      "grade": "0",
      "attempts": "0"
    }
  },
  {
    "model": "quizzes.DataModel",
    "pk": "5",
    "fields": {
      "student_id": "111111111111",
      "grade": "0",
      "attempts": "0"
    }
  },
  {
    "model": "quizzes.DataModel",
    "pk": "6",
    "fields": {
      "student_id": "111111111112",
      "grade": "0",
      "attempts": "0"
    }
  },
  {
    "model": "quizzes.Gradebook",
    "pk": "1",
    "fields": {
      "student_data": ["1", "2"]
    }
  },
  {
    "model": "quizzes.Gradebook",
    "pk": "2",
    "fields": {
      "student_data": ["3", "4"]
    }
  },
  {
    "model": "quizzes.Gradebook",
    "pk": "3",
    "fields": {
      "student_data": ["5", "6"]
    }
  },
  {
    "model": "quizzes.Quiz",
    "pk": "1",
    "fields":{
      "name": "test quiz",
      "questions": ["1", "2"],
      "start_time": "2023-01-01 12:00:00.000000",
      "end_time": "2024-01-01 12:00:00.000000",
      "time_limit": "00:30:00",
      "passingThreshold": "60",
      "gradebook": "1"
    }
  }  ,
  {
    "model": "quizzes.Quiz",
    "pk": "2",
    "fields":{
      "name": "Final Exam",
      "questions": ["1", "2", "3", "4", "5"],
      "start_time": "2023-01-01 12:00:00.000000",
      "end_time": "2024-01-01 12:00:00.000000",
      "time_limit": "00:30:00",
      "passingThreshold": "60",
      "gradebook": "2"
    }
  },
  {
    "model": "quizzes.Quiz",
    "pk": "3",
    "fields":{
      "name": "Pop Quiz",
      "questions": ["4"],
      "start_time": "2023-01-01 12:00:00.000000",
      "end_time": "2024-01-01 12:00:00.000000",
      "time_limit": "00:30:00",
      "passingThreshold": "101",
      "gradebook": "3"
    }
  }
  ,
  {
    "model": "quizzes.Class",
    "pk": "1",
    "fields": {
      "name": "CIS 203",
      "quizzes": ["1", "2", "3"]
    }
  },
  {
    "model": "quizzes.Class",
    "pk": "2",
    "fields": {
      "name": "CIS 201",
      "quizzes": ""
    }
  },
  {
    "model": "quizzes.User",
    "fields": {
      "id": "999999999999",
      "username": "admin",
      "password": "pbkdf2_sha256$10000$vkRy7QauoLLj$ry+3xm3YX+YrSXbri8s3EcXDIrx5ceM+xQjtpLdw2oE=",
      "first_name": "Admin",
      "is_superuser": true,
      "is_student": true,
      "is_teacher": true,
      "is_staff": true,
      "is_active": true
    }
  },
  {
    "model": "quizzes.User",
    "fields": {
      "id": "111111111111",
      "username": "richieman@gmail.com",
      "email": "richieman@gmail.com",
      "password": "pbkdf2_sha256$10000$vkRy7QauoLLj$ry+3xm3YX+YrSXbri8s3EcXDIrx5ceM+xQjtpLdw2oE=",
      "first_name": "Richie",
      "last_name": "Man",
      "is_superuser": false,
      "is_staff": false,
      "is_active": false,
      "is_student": true
    }
  },
  {
    "model": "quizzes.User",
    "fields": {
      "id": "111111111112",
      "username": "rosiewoman@gmail.com",
      "email": "rosiewoman@gmail.com",
      "password": "pbkdf2_sha256$10000$vkRy7QauoLLj$ry+3xm3YX+YrSXbri8s3EcXDIrx5ceM+xQjtpLdw2oE=",
      "first_name": "Rosie",
      "last_name": "Woman",
      "is_superuser": false,
      "is_staff": false,
      "is_active": false,
      "is_student": true
    }
  },
  {
    "model": "quizzes.User",
    "fields": {
      "id": "111111111113",
      "username": "hailey@gmail.com",
      "email": "hailey@gmail.com",
      "password": "pbkdf2_sha256$10000$vkRy7QauoLLj$ry+3xm3YX+YrSXbri8s3EcXDIrx5ceM+xQjtpLdw2oE=",
      "first_name": "Hailey",
      "last_name": "Nobin",
      "is_superuser": false,
      "is_staff": false,
      "is_active": false,
      "is_student": true
    }
  },
  {
    "model": "quizzes.User",
    "fields": {
      "id": "111111111114",
      "username": "grabowski@gmail.com",
      "email": "grabowski@gmail.com",
      "password": "pbkdf2_sha256$10000$vkRy7QauoLLj$ry+3xm3YX+YrSXbri8s3EcXDIrx5ceM+xQjtpLdw2oE=",
      "first_name": "L.",
      "last_name": "Grabowski",
      "is_superuser": false,
      "is_staff": true,
      "is_active": false,
      "is_teacher": true,
      "is_student": false
    }
  },
  {
    "model": "quizzes.Student",
    "fields": {
      "user": "111111111111",
      "classes": "1"
    }
  },
  {
    "model": "quizzes.Student",
    "fields": {
      "user": "111111111112",
      "classes": "1"
    }
  },
  {
    "model": "quizzes.Student",
    "fields": {
      "user": "111111111113",
      "classes": "2"
    }
  },
  {
    "model": "quizzes.Teacher",
    "fields": {
      "user": "111111111114",
      "classes": ["1", "2"]
    }
  }
]